Earth,Earthprp,Earthprp1326,user,data/profileUsers/Earthprp.png,17-03-2023 11:25:12
Aom,Aomtrd,Aomtrd1086,user,data/profileUsers/Aomtrd.png,17-03-2023 16:06:00
Au,Aucnw,Aucnw0800,user,data/profileUsers/Aucnw.png,15-01-2023 09:29:05
Tan,Tancyk,Tancyk0001,user,data/profileUsers/Tancyk.png,24-01-2023 09:31:39
Neuw,Neuwnnp,Neuwnnp0002,user,data/profileUsers/Neuwnnp.png,11-02-2023 09:33:30
Rada,Radanataya,Radanataya0003,user,data/profileUsers/Radanataya.png,27-02-2023 09:35:31
Tat,Tatnbg,Tatnbg0004,user,data/profileUsers/Tatnbg.png,04-03-2023 09:38:58
Prem,Premntn,Premntn0005,user,data/profileUsers/Premntn.png,09-03-2023 09:40:59
Kwan,Kwanpraew,Kwanpraew0006,user,data/profileUsers/Kwanpraew.png,14-03-2023 09:46:27
Tyty,Tytypeepee,Tytypeepee0007,user,data/profileUsers/Tytypeepee.png,15-03-2023 09:48:49
StaffNumber1,Staffaeiou1,AeiouStaff1,staff,data/profileUsers/Staffaeiou1.png,17-03-2023 15:59:36
StaffNumber2,Staffaeiou2,AeiouStaff2,staff,data/profileUsers/Staffaeiou2.png,17-03-2023 15:50:54
StaffNumber3,Staffaeiou3,AeiouStaff3,staff,data/profileUsers/Staffaeiou3.png,17-03-2023 09:31:19
Admin,admin,admin,admin,data/profileUsers/admin.png,17-03-2023 16:07:24
aaa,aaa,aaa,staff,data/profileUsers/userDefaultProfile.png,17-03-2023 15:59:08
aaa,bbb,bbb,user,data/profileUsers/userDefaultProfile.png,17-03-2023 16:04:53
